{"cameraMode":{"drawMode":0,"name":"Shaded","section":"Shading Mode"},"sceneLighting":false,"audioPlay":false,"sceneViewState":{"m_AlwaysRefresh":false,"showFog":true,"showSkybox":false,"showFlares":true,"showImageEffects":true,"showParticleSystems":true,"showVisualEffectGraphs":true,"m_FxEnabled":true},"in2DMode":false,"pivot":{"x":0.24329546093940736,"y":-2.908522605895996,"z":-0.33506178855895998},"rotation":{"x":0.09600089490413666,"y":-0.05551236867904663,"z":0.005365350749343634,"w":0.9938107132911682},"size":1.4036645889282227,"orthographic":false}