{"cameraMode":{"drawMode":0,"name":"Shaded","section":"Shading Mode"},"sceneLighting":false,"audioPlay":false,"sceneViewState":{"m_AlwaysRefresh":false,"showFog":true,"showSkybox":false,"showFlares":true,"showImageEffects":true,"showParticleSystems":true,"showVisualEffectGraphs":true,"m_FxEnabled":true},"in2DMode":false,"pivot":{"x":-0.29418087005615237,"y":0.026972532272338868,"z":0.2603459358215332},"rotation":{"x":0.09600089490413666,"y":-0.05551236867904663,"z":0.005365350749343634,"w":0.9938107132911682},"size":4.1686110496521,"orthographic":false}