{"cameraMode":{"drawMode":0,"name":"Shaded","section":"Shading Mode"},"sceneLighting":false,"audioPlay":false,"sceneViewState":{"m_AlwaysRefresh":false,"showFog":true,"showSkybox":false,"showFlares":true,"showImageEffects":true,"showParticleSystems":true,"showVisualEffectGraphs":true,"m_FxEnabled":true},"in2DMode":false,"pivot":{"x":-2.1433119773864748,"y":0.6514365673065186,"z":-0.3199717402458191},"rotation":{"x":0.14739148318767548,"y":0.10630309581756592,"z":-0.015932206064462663,"w":0.9832097291946411},"size":1.5306625366210938,"orthographic":false}